<?xml version="1.0" encoding="UTF-8"?>
<project-private xmlns="http://www.netbeans.org/ns/project-private/1">
    <editor-bookmarks xmlns="http://www.netbeans.org/ns/editor-bookmarks/2" lastBookmarkId="0"/>
    <open-files xmlns="http://www.netbeans.org/ns/projectui-open-files/2">
        <group>
            <file>file:/D:/cloud/Dropbox/SGH/CompleteExampleWithFusion/FusionCreator-for-DEMO/GenFusionSCXML/src/scxmlgen/Modalities/SecondMod.java</file>
            <file>file:/D:/cloud/Dropbox/SGH/CompleteExampleWithFusion/FusionCreator-for-DEMO/GenFusionSCXML/src/scxmlgen/Modalities/Output.java</file>
            <file>file:/D:/cloud/Dropbox/SGH/CompleteExampleWithFusion/FusionCreator-for-DEMO/GenFusionSCXML/src/genfusionscxml/GenFusionSCXML.java</file>
            <file>file:/D:/cloud/Dropbox/SGH/CompleteExampleWithFusion/FusionCreator-for-DEMO/GenFusionSCXML/src/scxmlgen/Modalities/Speech.java</file>
        </group>
    </open-files>
</project-private>
